{
 "QCD1000": 21.309847367529716,
 "QCD1500": 1.9709483767331493,
 "QCD2000": 0.9853278010347559,
 "QCD700": 0.12135330758216925
}